<?xml version="1.0" encoding="UTF-8"?>
<MESSAGE DTD="XMLMSG" VERSION="1.1">
	<RESULT>
		<RESPONSE DTD="RepairHints" ID="0" NAME="GetParametrizeData" VERSION="1.4.7.1">
			<DATA>
				<REQUEST_ID>180686172</REQUEST_ID>
				<PARAMETER_DATA DIAGNOSTIC_ADDRESS="0x005F" DSD_TYPE="1" FILENAME="" LOGIN="20103" LOGIN_IND="" PR_IDX="" SESSIONNAME="" START_ADDRESS="0x007000" ZDC_NAME="V03935249EA" ZDC_VERSION="0001">0x01,0xA0,0x51,0x41,0x43,0x46,0x01,0x00,0x0C,0x00,0x94,0x00,0x44,0x22,0x53,0x57,0x43,0x48,0x0E,0x00,0x0A,0x02,0x11,0x01,0x09,0x02,0x41,0x01,0x0C,0x02,0x4B,0x02,0x26,0x02,0x50,0x41,0x52,0x4D,0x7A,0x00,0x3D,0x00,0x41,0x28,0x00,0x03,0x18,0x41,0x38,0x00,0x0E,0x00,0x41,0x80,0x01,0x42,0x00,0x41,0x40,0x1F,0x03,0x00,0x41,0x01,0x00,0x05,0x5C,0x45,0x52,0xF4,0x00,0x00,0x00,0x00,0xF4,0x01,0x20,0x00,0x00,0x30,0x41,0xD0,0xFD,0x01,0x30,0x41,0x32,0x00,0x08,0x14,0x41,0x38,0xFF,0x06,0x14,0x55,0x3E,0x00,0x96,0x00,0xB3,0x00,0xEF,0x00,0x17,0x02,0xB0,0x04,0xDA,0x02,0xCC,0x01,0x3C,0xF8,0xE3,0x03,0xC8,0x00,0x9B,0x01,0xC7,0x11,0x1E,0x05,0x37,0xF9,0xEA,0x04,0x61,0x03,0x0A,0xFC,0x25,0x19,0x00,0x00,0x77,0xFB,0x0F,0x00,0x41,0x01,0x00,0x02,0x0C,0x81,0x00,0x00,0x00,0x00,0x03,0x0C,0x81,0x00,0x00,0x00,0x00,0x0D,0x00,0x41,0x80,0xBB,0xFF,0xFF,0xFF,0xFF,0xFF,0xFF,0xFF,0xFF,0xFF,0xFF,0xFF,0xFF,0xFF,0xFF,0xFF,0xFF,0xFF,0xFF,0xFF,0xFF,0xFF,0xFF,0xFF,0xFF,0xFF,0xFF,0xFF,0xFF,0xFF,0xFF,0xFF,0xFF,0xFF,0xFF,0xFF,0xFF,0xFF,0xFF,0xFF,0xFF,0xFF,0xFF,0xFF,0xFF,0xFF,0xFF,0xFF,0xFF,0xFF,0xFF,0xFF,0xFF,0xFF,0xFF,0xFF,0xFF,0xFF,0xFF,0xFF,0xFF,0xFF,0xFF,0xFF,0xFF,0xFF,0xFF,0xFF,0xFF,0xFF,0xFF,0xFF,0xFF,0xFF,0xFF,0xFF,0xFF,0xFF,0xFF,0xFF,0xFF,0xFF,0xFF,0xFF,0xFF,0xFF,0xFF,0xFF,0xFF,0x31,0x30,0xD2,0x4E</PARAMETER_DATA>
				<COMPOUNDS>
					<COMPOUND COMPOUND_ID="1">
						<SW_NAME/>
						<SW_VERSION/>
						<SW_PART_NO/>
					</COMPOUND>
					<COMPOUND COMPOUND_ID="2">
						<SW_NAME/>
						<SW_VERSION/>
						<SW_PART_NO/>
					</COMPOUND>
					<COMPOUND COMPOUND_ID="3">
						<SW_NAME/>
						<SW_VERSION/>
						<SW_PART_NO/>
					</COMPOUND>
					<COMPOUND COMPOUND_ID="4">
						<SW_NAME/>
						<SW_VERSION/>
						<SW_PART_NO/>
					</COMPOUND>
					<COMPOUND COMPOUND_ID="5">
						<SW_NAME/>
						<SW_VERSION/>
						<SW_PART_NO/>
					</COMPOUND>
				</COMPOUNDS>
				<INFORMATION>
					<CODE/>
				</INFORMATION>
				<DSD_DATA>
					<COMPRESSED_DATA BYTES_COMPRESSED="0" BYTES_UNCOMPRESSED="0" CONTENT="DSD-Files" CONTENT_TRANSFER_ENCODING="base64" CONTENT_TYPE="application/tar"/>
				</DSD_DATA>
			</DATA>
		</RESPONSE>
	</RESULT>
</MESSAGE>