<?xml version="1.0" encoding="UTF-8"?>
<MESSAGE DTD="XMLMSG" VERSION="1.1">
	<RESULT>
		<RESPONSE NAME="GetParametrizeData" DTD="RepairHints" VERSION="1.4.7.1" ID="0">
<DATA>
<REQUEST_ID>79202569697</REQUEST_ID>
<PARAMETER_DATA DIAGNOSTIC_ADDRESS="0x005F" START_ADDRESS="0x000240" PR_IDX="" ZDC_NAME="V03935274HX" ZDC_VERSION="0001" LOGIN="20103" LOGIN_IND="" DSD_TYPE="1" SESSIONNAME="" FILENAME="">0xFF,0x00,0x06,0x02,0x06,0x02,0x00,0x00,0x00,0x14, 0x06,0x02,0xFF,0x00,0xFE,0x00,0xFF,0x00,0xFF,0x00, 0x06,0x02,0xFF,0x00,0x00,0x07,0x45,0x35,0xC9,0x0B</PARAMETER_DATA>
</DATA>
		</RESPONSE>
	</RESULT>
</MESSAGE>