<MESSAGE DTD="XMLMSG" VERSION="1.1">
  <RESULT>
    <RESPONSE NAME="GetParametrizeData" DTD="RepairHints" VERSION="1.4.7.1" ID="0">
      <DATA>
        <REQUEST_ID>000000000</REQUEST_ID>
        <PARAMETER_DATA DIAGNOSTIC_ADDRESS="0x0013" START_ADDRESS="1" PR_IDX="" ZDC_NAME="V03935333DV" ZDC_VERSION="0001" LOGIN="20103" LOGIN_IND="" DSD_TYPE="2" SESSIONNAME="" FILENAME="DA_013_7200_55N_V325_28_VW326ME.xml"/>
        <PARAMETER_DATA DIAGNOSTIC_ADDRESS="0x0013" START_ADDRESS="1" PR_IDX="" ZDC_NAME="V03935333DV" ZDC_VERSION="0001" LOGIN="20103" LOGIN_IND="" DSD_TYPE="2" SESSIONNAME="" FILENAME="DA_013_7201_550_V381_S3_V01.xml"/>
        <PARAMETER_DATA DIAGNOSTIC_ADDRESS="0x0013" START_ADDRESS="1" PR_IDX="" ZDC_NAME="V03935333DV" ZDC_VERSION="0001" LOGIN="20103" LOGIN_IND="" DSD_TYPE="2" SESSIONNAME="" FILENAME="DA_013_7202_550_T38O_FF_VW376.xml"/>
        <PARAMETER_DATA DIAGNOSTIC_ADDRESS="0x0013" START_ADDRESS="1" PR_IDX="" ZDC_NAME="V03935333DV" ZDC_VERSION="0001" LOGIN="20103" LOGIN_IND="" DSD_TYPE="2" SESSIONNAME="" FILENAME="DA_013_7203_550_R386_FF_VW376.xml"/>					
		<INFORMATION>
          <CODE />
        </INFORMATION>
      </DATA>
    </RESPONSE>
  </RESULT>
</MESSAGE>