<SW-CNT>
  <IDENT>
    <CNT-DATEI>DA_06D_7220_5Q0_0269_00_VW326CSECLSW0265H12.xml</CNT-DATEI>
    <CNT-VERSION-INHALT>0269</CNT-VERSION-INHALT>
    <CNT-VERSION-DATUM>22-08-2017</CNT-VERSION-DATUM>
  </IDENT>
  <DATENBEREICHE>
    <DATENBEREICH>
      <DATEN-NAME>DA_06D_7220_5Q0_0269_00_VW326CSECLSW0265H12</DATEN-NAME>
      <DATEN-FORMAT-NAME>DFN_BYTE</DATEN-FORMAT-NAME>
      <START-ADR>7220</START-ADR>
      <GROESSE-DEKOMPRIMIERT>1a</GROESSE-DEKOMPRIMIERT>
      <DATEN>3032363980E8EA60000000000190000A000A00000A0033C56E47</DATEN>
    </DATENBEREICH>
  </DATENBEREICHE>
</SW-CNT>