<SW-CNT>
  <IDENT>
    <CNT-DATEI>DA_06D_7219_5Q0_0269_00_VW326CSECLSW0265H12.xml</CNT-DATEI>
    <CNT-VERSION-INHALT>0269</CNT-VERSION-INHALT>
    <CNT-VERSION-DATUM>22-08-2017</CNT-VERSION-DATUM>
  </IDENT>
  <DATENBEREICHE>
    <DATENBEREICH>
      <DATEN-NAME>DA_06D_7219_5Q0_0269_00_VW326CSECLSW0265H12</DATEN-NAME>
      <DATEN-FORMAT-NAME>DFN_BYTE</DATEN-FORMAT-NAME>
      <START-ADR>7219</START-ADR>
      <GROESSE-DEKOMPRIMIERT>22</GROESSE-DEKOMPRIMIERT>
      <DATEN>3032363900C800007530001E001E753000640064753000C8000075300A007EC304F2</DATEN>
    </DATENBEREICH>
  </DATENBEREICHE>
</SW-CNT>