<SW-CNT>
  <IDENT>
    <CNT-DATEI>DA_06D_721F_5Q0_0269_00_VW326CSECLSW0265H12.xml</CNT-DATEI>
    <CNT-VERSION-INHALT>0269</CNT-VERSION-INHALT>
    <CNT-VERSION-DATUM>22-08-2017</CNT-VERSION-DATUM>
  </IDENT>
  <DATENBEREICHE>
    <DATENBEREICH>
      <DATEN-NAME>DA_06D_721F_5Q0_0269_00_VW326CSECLSW0265H12</DATEN-NAME>
      <DATEN-FORMAT-NAME>DFN_BYTE</DATEN-FORMAT-NAME>
      <START-ADR>721F</START-ADR>
      <GROESSE-DEKOMPRIMIERT>60</GROESSE-DEKOMPRIMIERT>
      <DATEN>30323639008705090505060809090909030D040506070A0C0C0C64000AF4F6FB000C00000000040CFB00050C0300000000F4FD00030C0803000308000000000000000000000000000303E200283C50000000000000000000000A8CCCA4AD52C0</DATEN>
    </DATENBEREICH>
  </DATENBEREICHE>
</SW-CNT>