<SW-CNT>
  <IDENT>
    <CNT-DATEI>DA_06D_7216_5Q0_0269_00_VW326CSECLSW0265H12.xml</CNT-DATEI>
    <CNT-VERSION-INHALT>0269</CNT-VERSION-INHALT>
    <CNT-VERSION-DATUM>22-08-2017</CNT-VERSION-DATUM>
  </IDENT>
  <DATENBEREICHE>
    <DATENBEREICH>
      <DATEN-NAME>DA_06D_7216_5Q0_0269_00_VW326CSECLSW0265H12</DATEN-NAME>
      <DATEN-FORMAT-NAME>DFN_BYTE</DATEN-FORMAT-NAME>
      <START-ADR>7216</START-ADR>
      <GROESSE-DEKOMPRIMIERT>1a</GROESSE-DEKOMPRIMIERT>
      <DATEN>30323639000007D000030A0000140A0F3296000AC180F36AB1FD</DATEN>
    </DATENBEREICH>
  </DATENBEREICHE>
</SW-CNT>