<SW-CNT>
  <IDENT>
    <CNT-DATEI>DA_06D_7224_5Q0_0269_00_VW326CSECLSW0265H12.xml</CNT-DATEI>
    <CNT-VERSION-INHALT>0269</CNT-VERSION-INHALT>
    <CNT-VERSION-DATUM>22-08-2017</CNT-VERSION-DATUM>
  </IDENT>
  <DATENBEREICHE>
    <DATENBEREICH>
      <DATEN-NAME>DA_06D_7224_5Q0_0269_00_VW326CSECLSW0265H12</DATEN-NAME>
      <DATEN-FORMAT-NAME>DFN_BYTE</DATEN-FORMAT-NAME>
      <START-ADR>7224</START-ADR>
      <GROESSE-DEKOMPRIMIERT>1a</GROESSE-DEKOMPRIMIERT>
      <DATEN>3032363900000000000000000000000A000A00000A0076461A30</DATEN>
    </DATENBEREICH>
  </DATENBEREICHE>
</SW-CNT>