<SW-CNT>
  <IDENT>
    <CNT-DATEI>DA_06D_7223_5Q0_0269_00_VW326CSECLSW0265H12.xml</CNT-DATEI>
    <CNT-VERSION-INHALT>0269</CNT-VERSION-INHALT>
    <CNT-VERSION-DATUM>22-08-2017</CNT-VERSION-DATUM>
  </IDENT>
  <DATENBEREICHE>
    <DATENBEREICH>
      <DATEN-NAME>DA_06D_7223_5Q0_0269_00_VW326CSECLSW0265H12</DATEN-NAME>
      <DATEN-FORMAT-NAME>DFN_BYTE</DATEN-FORMAT-NAME>
      <START-ADR>7223</START-ADR>
      <GROESSE-DEKOMPRIMIERT>21</GROESSE-DEKOMPRIMIERT>
      <DATEN>303236390A321E00000000000000000000000000000000000000000A00C0BB854E</DATEN>
    </DATENBEREICH>
  </DATENBEREICHE>
</SW-CNT>