<SW-CNT>
  <IDENT>
    <CNT-DATEI>DA_06D_720E_5Q0_0269_00_VW326CSECLSW0265H12.xml</CNT-DATEI>
    <CNT-VERSION-INHALT>0269</CNT-VERSION-INHALT>
    <CNT-VERSION-DATUM>22-08-2017</CNT-VERSION-DATUM>
  </IDENT>
  <DATENBEREICHE>
    <DATENBEREICH>
      <DATEN-NAME>DA_06D_720E_5Q0_0269_00_VW326CSECLSW0265H12</DATEN-NAME>
      <DATEN-FORMAT-NAME>DFN_BYTE</DATEN-FORMAT-NAME>
      <START-ADR>720E</START-ADR>
      <GROESSE-DEKOMPRIMIERT>1a</GROESSE-DEKOMPRIMIERT>
      <DATEN>303236390001011F000000460014000A010A8007DFCA48E95B62</DATEN>
    </DATENBEREICH>
  </DATENBEREICHE>
</SW-CNT>